[
    {
        "name":"Juegos PC",
        "url":"#",
        "submenu":[
            {
                "name":"Juego 1",
                "url":"#",
                "icon":"gm1"
            },
            {
                "name":"Juego 2",
                "url":"#",
                "icon":"gm2"
            },
            {
                "name":"Juego 3",
                "url":"#",
                "icon":"gm3"
            },
            {
                "name":"Juego 4",
                "url":"#",
                "icon":"gm4"
            },
            {
                "name":"Juego 5",
                "url":"#",
                "icon":"gm5"
            }
        ]
    },
    {
        "name":"Juegos Web",
        "url":"#",
        "submenu":[
            {
                "name":"Juego 1",
                "url":"#",
                "icon":"gm1"
            },
            {
                "name":"Juego 2",
                "url":"#",
                "icon":"gm2"
            },
            {
                "name":"Juego 3",
                "url":"#",
                "icon":"gm3"
            },
            {
                "name":"Juego 4",
                "url":"#",
                "icon":"gm4"
            },
            {
                "name":"Juego 5",
                "url":"#",
                "icon":"gm5"
            }
        ]
    },
    {
        "name":"Soporte",
        "url":"#",
        "submenu":[
            {
                "name":"Link 1",
                "url":"#"
            },
            {
                "name":"Link 2",
                "url":"#"
            },
            {
                "name":"Link 3",
                "url":"#"
            },
            {
                "name":"Link 4",
                "url":"#"
            },
            {
                "name":"Link 5",
                "url":"#"
            }
        ]
    },
    {
        "name":"axeso5",
        "url":"#",
        "submenu":[
            {
                "name":"Link 1",
                "url":"#"
            },
            {
                "name":"Link 2",
                "url":"#"
            },
            {
                "name":"Link 3",
                "url":"#"
            },
            {
                "name":"Link 4",
                "url":"#"
            },
            {
                "name":"Link 5",
                "url":"#"
            }
        ]
    }
]
